Nome,Preços
['Cerveja Wäls Session Citra Puro Malte 600ml Garrafa'],"['R$14,99']"
['Cerveja Jamaicana RED STRIPE Lager Garrafa 330ml'],"['R$11,99']"
['Cerveja PATAGONIA WEISSE Garrafa 740ML'],"['R$15,99']"
['Cerveja BADEN BADEN Pilsen Cristal Garrafa 600ml'],"['R$11,99']"
['Cerveja COLORADO Appia Garrafa 600ml'],"['R$11,99']"
['Cerveja LAGUNITAS Ipa Long Neck 355ml'],"['R$9,49']"
['Cerveja BADEN BADEN American Ipa Puro Malte Garrafa 600ml'],"['R$11,99']"
['Cerveja alemã Paulaner Hefe-weiss 500ml'],"['R$21,99']"
['Cerveja COLORADO Indica Garrafa 600ML'],"['R$15,99']"
['Cerveja BADEN BADEN American Ipa Lata 350ml'],"['R$5,39']"
['Cerveja Heineken Keg 5L '],"['R$79,99']"
['Kit Cerveja LA TRAPPE DUBBEL Garrafa 750ml'],"['R$189,99']"
['Cerveja Belga HOEGAARDEN Witbier Garrafa 330ml Importada'],['######']
['Cerveja Blue Moon Belgian White Garrafa 355ml'],"['R$14,99']"
['Cerveja IPA Juicy Tupiniquim Garrafa 350ml'],"['R$13,99']"
['Kit com 2 Cervejas Alemã ERDINGER WEISSBRAU 500ml com 1 Copo de Vidro'],"['R$115,99']"
['Cerveja Guinness Draught In Can 440ml'],"['R$23,99']"
['Cerveja Witbier Baden Baden Garrafa 600ml'],"['R$11,99']"
['Cerveja Eisenbahn Weizenbier Long Neck 355ml'],"['R$4,99']"
['Cerveja COLORADO Ribeirão Lager 600 ML Garrafa'],"['R$11,99']"
['Kit Cerveja BLUE MOON Garrafa 355ml com 24 unidades'],"['R$359,76']"
['Cerveja FABRICA 1959 WITBIER Garrafa 500ml'],"['R$11,49']"
['Cerveja EISENBAHN Pale Ale Puro Malte Long Neck 355ml'],"['R$4,99']"
['Cerveja EISENBAHN American Ipa Puro Malte Lata 350ml'],"['R$4,39']"
['Cerveja BADEN BADEN Cristal Pilsen Lata 350ml'],"['R$5,39']"
['Cerveja EISENBAHN American Ipa Puro Malte Long Neck 355ml'],"['R$4,99']"
['Cerveja COLORADO APPIA 300 ml Garrafa'],"['R$6,99']"
['Cerveja Alemã PAULANER Hefe Weissbier sem Álcool Garrafa 500ml'],"['R$23,86']"
['Cerveja Premium Witbier PRAYA 600ml'],"['R$12,99']"
['Cerveja Goose Island Midway Long Neck 355ml'],"['R$9,99']"
['Cerveja Paulaner Weissbier Lata 500ml'],"['R$22,38']"
['Cerveja BADEN BADEN Witbier Lata 350ml'],"['R$5,39']"
['Cerveja Dinamarquesa FAXE Royal Export Lata 1 Litro'],"['R$34,99']"
['Cerveja FRANZISKANER Weissbier Dunkel Garrafa 500ml'],"['R$13,99']"
['Cerveja Belga VEDETT White Garrafa 330ml'],"['R$23,99']"
['Cerveja PATAGONIA Amber Lager Garrafa Long Neck 355ml'],"['R$7,99']"
['Cerveja Alemã PAULANER Weiss Garrafa 330ml'],"['R$20,29']"
['Cerveja Draft Chopp de Vinho Ice 300ml'],"['R$9,29']"
['Cerveja Invicta Pilsener Garrafa 355ml'],['######']
['Cerveja PATAGONIA Bohemian Pilsener Garrafa 740ml'],"['R$15,99']"
['Kit com 6 Cervejas BLUE MOON Garrafa 355m Cada'],"['R$89,94']"
['Cerveja Hocus Pocus Pandora Garrafa 500ml'],['######']
['Cerveja MARTINA Artesanal Lager Garrafa 300ml'],"['R$8,99']"
['Cerveja MARTINA Artesanal Witbier Garrafa 300ml'],"['R$8,99']"
['Cerveja TUPINIQUIM Polimango Ipa Lata 350ml'],"['R$14,99']"
['Cerveja IPA Maniacs Lata 350ml'],['######']
['Cerveja Double IPA Citrus Bomb Tupiniquim Garrafa 600ml'],"['R$24,99']"
['Cerveja EISENBAHN Pale Ale Puro Malte Lata 350ml'],"['R$4,39']"
['Cerveja MARTINA Artesanal Witbier Garrafa 600ml'],"['R$12,99']"
['Cerveja BLONDINE Blond Ale Garrafa 500ml'],"['R$19,99']"
['Cerveja Fruit Monjolo Floresta Negra Tupiniquim Garrafa 310ml'],"['R$38,99']"
['Cerveja BLONDINE Horney Pig Sess Ipa Garrafa 500ml'],"['R$23,99']"
['Cerveja Golden Ale Baden Baden Garrafa 600ml'],"['R$11,99']"
['Cerveja TUPINIQUIM Hop Bomb Ipa Lata 350ml'],"['R$13,99']"
['Cerveja BLONDINE Prost Weiss 500ml'],['######']
['Cerveja Dinamarquesa FAXE Witbier Lata 500ml'],"['R$21,99']"
['Cerveja DOM HAUS Dom Pedro Helles 600ml'],"['R$21,99']"
['Cerveja Invicta Damiana Garrafa 500ml'],"['R$19,99']"
['Cerveja Summer Ipa TUPINIQUIM Lata 350ml'],"['R$12,84']"
['Cerveja Bock Tião Black Princess Garrafa 600ml'],"['R$17,99']"
['Cerveja MARTINA Artesanal Session Ipa Garrafa 300ml'],"['R$9,09']"
['Cerveja Weizen Iniciação Invicta Garrafa 500ml'],"['R$19,99']"
['Cerveja Dinamarquesa FAXE Witbier Lata 1 Litro'],"['R$42,99']"
['Cerveja MARTINA Artesanal Session Ipa Garrafa 600ml'],"['R$18,99']"
['Cerveja LEUVEN Golden Ale KING Garrafa 500ml'],"['R$10,49']"
['Cerveja Pale Ale Premium TUPINIQUIM Lata 350ml'],"['R$12,99']"
['Cerveja Bier DAMA QI American Pale Ale Garrafa 500ml'],['######']
['Cerveja Patagonia Bohemian Pilsener 355ml Long Neck'],"['R$7,99']"
['Kit Caneca + 2 Cervejas Münchner Helles Original HB 500ml Cada'],"['R$109,99']"
['Cerveja Leffe Blonde 330ml Long Neck'],"['R$11,99']"
['Cerveja Dinamarquesa FAXE Premium Lata 1 Litro'],"['R$34,99']"
['Cerveja Dinamarquesa FAXE Royal Lata 500ml'],"['R$12,99']"
"[""Cerveja Fuller's Ipa Garrafa 500ml""]","['R$42,99']"
['Cerveja IPA Three Monkeys Garrafa 500ml'],['######']
['Cerveja LEUVEN Dubbel com Cacau MONK Garrafa 500ml'],"['R$25,99']"
['Cerveja Americana Lager DAMA Bier Garrafa 600ml'],"['R$19,99']"
"[""Cerveja Fuller's London Pride Garrafa 500ml""]","['R$35,99']"
['Cerveja MARTINA Artesanal Lager Garrafa 600ml'],"['R$15,99']"
['Cerveja Belgian Wit Maniacs Garrafa 355ml'],['######']
['Cerveja Weiss Prius Prime Garrafa 600ml'],"['R$24,99']"
"[""Cerveja Fuller's Golden Pride Garrafa 500ml""]",['######']
['Cerveja Fruit Kriek Brut Liefmans Garrafa 330ml'],"['R$28,99']"
['Cerveja IPA Ginjo Puro Malte Prius Prime Garrafa 600ml'],"['R$24,99']"
['Cerveja Hocus Pocus Apa Cadabra Garrafa 500ml'],['######']
['Cerveja SAISON St. Feuillien Garrafa 330ml'],"['R$38,99']"
['Cerveja TUPINIQUIM Daily Apa Lata 350ml'],"['R$13,99']"
['Cerveja THREE MONKEYS Golden Ale 500ml '],"['R$20,99']"
['Cerveja West Coast Rye IPA Tupi Dama Bier Garrafa 600ml'],"['R$24,99']"
['Cerveja Dinamarquesa FAXE Ipa Lata 500ml'],"['R$21,99']"
['Cerveja BLONDINE Witbier Garrafa 500ml'],"['R$24,99']"
['Cerveja Indiana Clara White Ale THREE MONKEYS 500ml'],"['R$22,99']"
['Cerveja INVICTA Saison À Trois Garrafa 500ml'],"['R$19,99']"
['Cerveja BLONDINE Pivo Czech Bohemian Pilsen 500ml'],"['R$19,99']"
['Cerveja Kölsch Ginjo Puro Malte Prius Prime Garrafa 600ml'],"['R$19,99']"
['Cerveja LEUVEN Belgian Ipa DRAGON Garrafa 500ml'],"['R$24,99']"
['Cerveja Americana Ipa DAMA Bier Garrafa 600ml'],"['R$19,99']"
['Cerveja Belgian Ale Delirium Tremens Garrafa 330ml'],"['R$37,99']"
['Cerveja DOM CASMURRO Ipa Garrafa 600ml'],"['R$23,99']"
['Cerveja LEUVEN Witbier WITCH Garrafa 500ml'],"['R$14,99']"
['Cerveja Summit APA Tupiniquim Garrafa 350ml'],"['R$13,99']"
['Cerveja THREE MONKEYS Cool Lager 500ml'],"['R$18,99']"
['Cerveja American Pale Ale Prime Bier Garrafa 600ml'],"['R$24,99']"
['Cerveja Urbana Gordelícia Belgian Golden Strong Ale Garrafa 500ml'],"['R$19,99']"
['Cerveja Blondine Jackpot 777 Helles Garrafa 500ml'],"['R$19,99']"
['Cerveja AVÓS Vó Francisca Dark Lager Lata 473ml'],"['R$25,99']"
['Cerveja LEUVEN Weissbier ARCHER Garrafa 500ml'],"['R$21,99']"
['Cerveja Red Lager Puro Malte Back to the Red Black Princess Garrafa 600ml'],['######']
['Cerveja Bier DAMA Weissbier Garrafa 600ml'],"['R$19,99']"
['Cerveja AVÓS Vó Terezinha German Pils Lata 473ml'],"['R$27,99']"
['Cerveja Praya Witbier Lata 269ml'],"['R$5,99']"
['Cerveja ST. BERNARDUS PRIOR 8 Garrafa 330ml'],"['R$29,99']"
"[""Cerveja English IPA Puro Malte Let's Hop Black Princess Garrafa 600ml""]","['R$14,99']"
['Cerveja Craft Lager Maniacs Garrafa 355ml'],['######']
['Cerveja AVÓS Vó Antônia India Pale Lager Lata 473ml'],"['R$29,99']"
['Cerveja Kristall Weizen Doctor Weiss Black Princess Garrafa 600ml'],"['R$14,99']"
['Cerveja Malzbier Itaipava Lata 350ml'],"['R$3,39']"
['Cerveja AVÓS Vó Maria Hoppy Pils Lata 473ml'],"['R$25,99']"
['Cerveja WESTMALLE Tripel - 330ml'],"['R$39,99']"
['Cerveja AVÓS Vó Ana Wheat Lager Lata 473ml'],"['R$25,99']"
['Cerveja 2 Cabeças Apfelstrudel 473ml'],"['R$30,99']"
['Cerveja Lager Premium Petra Garrafa 355ml'],"['R$3,89']"
['Cerveja 2 Cabeças ZEZINHO 500ml'],"['R$30,99']"
['Cerveja 2 Cabeças Batida de Maracujá 473ml'],"['R$26,49']"
['Cerveja Patagonia Weisse 355ml'],"['R$7,99']"
['Cerveja 2 Cabeças Seu ZÉ 500ml\t'],"['R$30,99']"
['Cerveja Red Vintage ESTRELLA GALICIA 1906 Garrafa 330ml'],"['R$8,99']"
['Cerveja 2 Cabeças ZÉ 500ml'],"['R$30,99']"
['Cerveja 2 Cabeças Café com Bolinho 473ml'],"['R$26,49']"
['Cerveja 2 Cabeças Roiz Doce 473ml'],"['R$30,99']"
['Cerveja Black Princess Gold 355ml'],"['R$4,39']"
['Cerveja COLORADO Do Leme ao Pontal Garrafa 600ml'],"['R$13,29']"
['Cerveja 2 Cabeças Feijoada 473ml'],"['R$30,99']"
['Cerveja PETRA Aurum Garrafa 500ml'],"['R$13,99']"
['Cerveja Leuven Mystic Potion Sour Uva Garrafa 355ml'],"['R$19,99']"
['Cerveja 2 Cabeças Pudim 473ml'],"['R$26,49']"
['Whisky Old Parr 18 anos 750 ml'],['######']
['Cerveja PATAGONIA AMBER LAGER Garrafa 740ML'],['######']
['Cerveja Alemã Escura ERDINGER Weibbier Dunkel Garrafa 500ml'],['######']
['Cerveja Michelob Ultra Lager 355ml Long Neck'],['######']
['Cerveja Blue Moon Belgium White Lt 355ml'],['######']
['Cerveja FABRICA 1959 PILSEN Puro Malte Garrafa 500ml'],['######']
['Kit Cerveja Stella 269ml C/8 Latas + 1 Cálice 250ml'],['######']
['Cerveja FABRICA 1959 IPA Garrafa 500ml'],['######']
['Kit Cerveja Münchner Hell + Cerveja Hefe-Weissbier Garrafa 500ml Cada + 1 Copo Paulaner '],['######']
['Cerveja Colorado Demoiselle 600ml Garrafa'],"['R$15,99']"
['Cerveja FABRICA 1959 WEISS Garrafa 500ml'],['######']
['Cerveja Belga VEDETT Ipa Garrafa 330ml'],['######']
['Kit Cerveja LONDON PRIDE Garrafa 500ml'],['######']
['Cerveja India Pale Ale Madalena Garrafa 600ml'],['######']
['Cerveja Urweisse Erdinger Garrafa 500ml'],['######']
['Cerveja Americana BROOKLYN IPA Garrafa 355ml'],['######']
['Cerveja Lager Puro Malte Brooklyn Garrafa 355ml'],['######']
['Cerveja Anchor Porter 355ml'],['######']
['Cerveja Goose Island IPA 355ml Long Neck'],['######']
['Cerveja Tripel Hop Citra Duvel Garrafa 330ml'],['######']
['Kit COLORADO Appia + 1 Copo'],['######']
['Cerveja INVICTA Hellbeirão Garrafa 500ml'],['######']
['Cerveja Invicta Frut Maracujipa Garrafa 500ml'],['######']
['Cerveja Weiss Maracujá TUPINIQUIM Lata 350ml'],['######']
['Cerveja República Tcheca  CZECHVAR Budvar Garrafa 500ml'],['######']
['Cerveja MORLAND Old Speckled Hen Lata 500ml'],['######']
['Cerveja Ale Chocolate Baden Baden Garrafa 600ml'],['######']
['Cerveja Session Rye IPA Drache Leuven Garrafa 500ml'],['######']
['Cerveja Artesanal Leuven Red Ale Knight 500Ml'],['######']
['Cerveja Tupiniquim Monjolo Garrafa 310ml'],['######']
['Cerveja COLORADO Ribeirão Lager Lata 350ml'],"['R$4,99']"
['Cerveja Malzbier Itaipava Garrafa 355ml'],['######']
