Nome,Precos
CERVEJA 1500 PURO MALTE GARRAFA 600ML,6.89
CERVEJA 2 CABEÇAS BATIDA DE MARACUJÁ 473ML,26.49
CERVEJA 2 CABEÇAS CAFÉ COM BOLINHO 473ML,26.49
CERVEJA 2 CABEÇAS OIZ DOCE 473ML,30.99
CERVEJA 2 CABEÇAS PUDIM 473ML,26.49
CERVEJA 2 CABEÇAS SEU ZÉ 500ML\T,30.99
CERVEJA 2 CABEÇAS ZEZINHO 500ML,30.99
CERVEJA 2 CABEÇAS ZÉ 500ML,30.99
CERVEJA ALEMÃ OETTINGE X FORTE LATA 500ML,16.99
CERVEJA ALEMÃ PAULANE DUNKEL LATA 500ML,24.99
CERVEJA ALEMÃ PAULANE SEM ÁLCOOL LATA 500ML,21.99
CERVEJA AMERICANA LAGER DAMA BIER GARRAFA 600ML,19.99
CERVEJA APA DOM LENNON DOM HAUS LATA 350ML MOSAIC EDITION,17.99
CERVEJA ARTESANAL LEUVEN ED ALE KNIGHT 500ML,21.99
CERVEJA AVÓS VÓ FRANCISCA DARK LAGER LATA 473ML,25.99
CERVEJA BADEN BADEN AMERICAN IPA LATA 350ML,5.69
CERVEJA BADEN BADEN AMERICAN IPA PURO MALTE GARRAFA 600ML,13.99
CERVEJA BADEN BADEN CHRISTMAS GARRAFA 600ML,15.99
CERVEJA BADEN BADEN CRISTAL PILSEN LATA 350ML,5.69
CERVEJA BADEN BADEN PILSEN CRISTAL GARRAFA 600ML,13.99
CERVEJA BADEN BADEN WITBIER LATA 350ML,5.69
CERVEJA BAVAIA LATA 350ML,2.19
CERVEJA BECKS PURO MALTE 350ML LATA,4.79
CERVEJA BELGA HOEGAADEN WITBIER GARRAFA 330ML IMPORTADA,7.99
CERVEJA BELGIAN ALE DELIRIUM TREMENS GARRAFA 330ML,37.99
CERVEJA BIER DAMA QI AMERICAN PALE ALE GARRAFA 500ML,19.99
CERVEJA BLACK PRINCESS GOLD 355ML,4.39
CERVEJA BLONDINE WITBIER GARRAFA 500ML,24.99
CERVEJA BLUE MOON BELGIAN WHITE GARRAFA 355ML,15.99
CERVEJA BOHEMIA PURO MALTE 350ML LATA PACK C/18,55.62
CERVEJA BOOKLYN LAGER VIENNA 355ML,15.99
CERVEJA BRAHMA CHOPP PILSEN 269ML LATA,2.49
CERVEJA BRAHMA DUPLO MALTE PURO MALTE 350ML LATA,3.19
CERVEJA BUDWEISE GARRAFA 330ML - 16 UNIDADES,71.84
CERVEJA BUDWEISER AMERICAN LAGER 269ML LATA,3.29
CERVEJA BUDWEISER AMERICAN LAGER 550ML GARRAFA,8.49
CERVEJA BUDWEISER LAGER  330ML LONG NECK PACK C/6,26.94
CERVEJA COLOADO APPIA GARRAFA 600ML,10.99
CERVEJA COLOADO IBEIRÃO LAGER LONG NECK 355ML,5.99
CERVEJA CONTI BIER LATA 269ML,1.86
CERVEJA CORONA EXTRA PILSEN 330ML LONG NECK,5.99
CERVEJA DEVASSA PURO MALTE LATA 350ML,3.19
CERVEJA DOKTOR BRAU NEW SESSION 500ML,24.99
CERVEJA DOM CASMUO IPA GARRAFA 600ML,23.99
CERVEJA DOM HAUS DOM PEDRO HELLES 600ML,21.99
CERVEJA DOM HAUS DOM QUIXOTE WEIZEN 600ML,22.99
CERVEJA EISENBAHN AMERICAN IPA PURO MALTE LATA 350ML,4.79
CERVEJA EISENBAHN AMERICAN IPA PURO MALTE LONG NECK 355ML,5.79
CERVEJA EISENBAHN PALE ALE PURO MALTE LONG NECK 355ML,5.79
CERVEJA EISENBAHN PILSEN PURO MALTE LATA 350ML,3.99
CERVEJA EISENBAHN WEIZENBIER LONG NECK 355ML,5.79
CERVEJA FABICA 1959 PILSEN PURO MALTE GARRAFA 500ML,11.49
CERVEJA FABICA 1959 WEISS GARRAFA 500ML,11.49
CERVEJA FÁBRICA 1959 IPA LATA 350ML,7.29
CERVEJA GUINNESS DRAUGHT IN CAN 440ML,23.99
CERVEJA HEINEKEN GARRAFA 600ML,9.99
CERVEJA HEINEKEN KEG 5L ,79.99
CERVEJA HEINEKEN LATA 250ML,3.39
CERVEJA HEINEKEN LATA 250ML -CAIXA COM 6 UNIDADES,20.34
CERVEJA HEINEKEN LATA 350ML,4.65
CERVEJA HOCUS POCUS ORANGE SUNSHINE GARRAFA 500ML,18.99
CERVEJA INDIANA CLARA WHITE ALE THEE MONKEYS 500ML,22.99
CERVEJA INVICTA FRUT MARACUJIPA GARRAFA 500ML,21.99
CERVEJA INVICTA HELLBEIRÃO GARRAFA 500ML,19.99
CERVEJA INVICTA SAISON À TROIS GARRAFA 500ML,19.99
CERVEJA IPA DOM CASMURRO DOM HAUS LATA 350ML,19.99
CERVEJA IPA THREE MONKEYS GARRAFA 500ML,23.99
CERVEJA IRLANDESA GUINNESS DRAUGHT LATA 440ML - PACK COM 24 UNIDADES,575.76
CERVEJA ITAIPAVA ZERO ÁLCOOL LATA 350ML,3.39
CERVEJA KAISE PILSEN LATÃO 473ML,2.89
CERVEJA LAGER PURO MALTE BROOKLYN GARRAFA 355ML,19.99
CERVEJA LAGUNITAS IPA LONG NECK 355ML,10.99
CERVEJA LEUVEN DUBBEL COM CACAU MONK GARRAFA 500ML,25.99
CERVEJA LEUVEN MYSTIC POTION SOUR UVA GARRAFA 355ML,19.99
CERVEJA LEUVEN WEISSBIER ACHE GARRAFA 500ML,21.99
CERVEJA MATINA ARTESANAL LAGER GARRAFA 600ML,15.99
CERVEJA MÜNCHNER HELL PURO MALTE PAULANER GARRAFA 500ML,26.85
CERVEJA PATAGONIA BOHEMIAN PILSENER 355ML LONG NECK,5.99
CERVEJA PAULANER WEISSBIER LATA 500ML,22.38
CERVEJA PILSEN ANTARCTICA ORIGINAL LATA 269ML,2.79
CERVEJA PRAYA WITBIER LATA 269ML,5.99
CERVEJA PREMIUM WITBIER PAYA 600ML,12.99
CERVEJA SESSION YE IPA DRACHE LEUVEN GARRAFA 500ML,21.99
CERVEJA STELLA ARTOIS PURO MALTE 269ML LATA,3.49
CERVEJA SUMMER IPA TUPINIQUIM LATA 350ML,12.84
CERVEJA THEE MONKEYS COOL LAGER 500ML,18.99
CERVEJA THEE MONKEYS GOLDEN ALE 500ML ,20.99
CERVEJA THEREZÓPOLIS OR BLANC WITBIER GARRAFA 500ML ,11.99
CERVEJA THREE MONKEYS IM SOUR GOIABA E PITAYA LATA 473ML,24.99
CERVEJA THREE MONKEYS IM SOUR PITAYA. FRAMBOESA E LIMÃO LATA 473ML,24.99
CERVEJA URBANA GORDELÍCIA BELGIAN GOLDEN STRONG ALE GARRAFA 500ML,19.99
CERVEJA VELHAS VIRGENS INDIE MAN GARRAFA 500ML,24.99
CERVEJA WEISS PRIUS PRIME GARRAFA 600ML,24.99
CERVEJA WEIZEN INICIAÇÃO INVICTA GARRAFA 500ML,19.99
CERVEJA WELTENBUGE KLOSTER GARRAFA 500ML,16.99
CERVEJA WEST COAST YE IPA TUPI DAMA BIER GARRAFA 600ML,24.99
CERVEJA WÄLS SESSION CITRA PURO MALTE 600ML GARRAFA,14.99
